Number,Name,HP,Attack,Defense,AtkSpe,DefSpe,Speed
1,Bulbizarre,0,0,0,1,0,0
2,Herbizarre,0,0,0,1,1,0
3,Florizarre,0,0,0,2,1,0
4,Salamèche,0,0,0,0,0,1
5,Reptincel,0,0,0,1,0,1
6,Dracaufeu,0,0,0,3,0,0
7,Carapuce,0,0,1,0,0,0
8,Carabaffe,0,0,1,0,1,0
9,Tortank,0,0,0,0,3,0
10,Chenipan,1,0,0,0,0,0
11,Chrysacier,0,0,2,0,0,0
12,Papilusion,0,0,0,2,1,0
13,Aspicot,0,0,0,0,0,1
14,Coconfort,0,0,2,0,0,0
15,Dardargnan,0,2,0,0,1,0
16,Roucool,0,0,0,0,0,1
17,Roucoups,0,0,0,0,0,2
18,Roucarnage,0,0,0,0,0,3
19,Rattata,0,0,0,0,0,1
20,Rattatac,0,0,0,0,0,2
21,Piafabec,0,0,0,0,0,1
22,Rapasdepic,0,0,0,0,0,2
23,Abo,0,1,0,0,0,0
24,Arbok,0,2,0,0,0,0
25,Pikachu,0,0,0,0,0,2
26,Raichu,0,0,0,0,0,3
27,Sabelette,0,0,1,0,0,0
28,Sablaireau,0,0,2,0,0,0
29,Nidoran♀,1,0,0,0,0,0
30,Nidorina,2,0,0,0,0,0
31,Nidoqueen,3,0,0,0,0,0
32,Nidoran♂,0,1,0,0,0,0
33,Nidorino,0,2,0,0,0,0
34,Nidoking,0,3,0,0,0,0
35,Mélofée,2,0,0,0,0,0
36,Mélodelfe,3,0,0,0,0,0
37,Goupix,0,0,0,0,0,1
38,Feunard,0,0,0,0,1,1
38,Feunard d'Alola,0,0,0,0,0,2
39,Rondoudou,2,0,0,0,0,0
40,Grodoudou,3,0,0,0,0,0
41,Nosferapti,0,0,0,0,0,1
42,Nosferalto,0,0,0,0,0,2
43,Mystherbe,0,0,0,1,0,0
44,Ortide,0,0,0,2,0,0
45,Rafflesia,0,0,0,3,0,0
46,Paras,0,1,0,0,0,0
47,Parasect,0,2,1,0,0,0
48,Mimitoss,0,0,0,0,1,0
49,Aéromite,0,0,0,1,0,1
50,Taupiqueur,0,0,0,0,0,1
51,Triopikeur,0,0,0,0,0,2
51,Triopikeur d'Alola,0,2,0,0,0,0
52,Miaouss,0,0,0,0,0,1
53,Persian,0,0,0,0,0,2
54,Psykokwak,0,0,0,1,0,0
55,Akwakwak,0,0,0,2,0,0
56,Férosinge,0,1,0,0,0,0
57,Colossinge,0,2,0,0,0,0
58,Caninos,0,1,0,0,0,0
59,Arcanin,0,2,0,0,0,0
60,Ptitard,0,0,0,0,0,1
61,Têtarte,0,0,0,0,0,2
62,Tartard,0,0,3,0,0,0
63,Abra,0,0,0,1,0,0
64,Kadabra,0,0,0,2,0,0
65,Alakazam,0,0,0,3,0,0
66,Machoc,0,1,0,0,0,0
67,Machopeur,0,2,0,0,0,0
68,Mackogneur,0,3,0,0,0,0
69,Chétiflor,0,1,0,0,0,0
70,Boustiflor,0,2,0,0,0,0
71,Empiflor,0,3,0,0,0,0
72,Tentacool,0,0,0,0,1,0
73,Tentacruel,0,0,0,0,2,0
74,Racaillou,0,0,1,0,0,0
75,Gravalanch,0,0,2,0,0,0
76,Grolem,0,0,3,0,0,0
77,Ponyta,0,0,0,0,0,1
78,Galopa,0,0,0,0,0,2
79,Ramoloss,1,0,0,0,0,0
80,Flagadoss,0,0,2,0,0,0
81,Magnéti,0,0,0,1,0,0
82,Magnéton,0,0,0,2,0,0
83,Canarticho,0,1,0,0,0,0
84,Doduo,0,1,0,0,0,0
85,Dodrio,0,2,0,0,0,0
86,Otaria,0,0,0,0,1,0
87,Lamantine,0,0,0,0,2,0
88,Tadmorv,1,0,0,0,0,0
89,Grotadmorv,1,1,0,0,0,0
90,Kokiyas,0,0,1,0,0,0
91,Crustabri,0,0,2,0,0,0
92,Fantominus,0,0,0,1,0,0
93,Spectrum,0,0,0,2,0,0
94,Ectoplasma,0,0,0,3,0,0
95,Onix,0,0,1,0,0,0
96,Soporifik,0,0,0,0,1,0
97,Hypnomade,0,0,0,0,2,0
98,Krabby,0,1,0,0,0,0
99,Krabboss,0,2,0,0,0,0
100,Voltorbe,0,0,0,0,0,1
101,Électrode,0,0,0,0,0,2
102,Noeunoeuf,0,0,1,0,0,0
103,Noadkoko,0,0,0,2,0,0
104,Osselait,0,0,1,0,0,0
105,Ossatueur,0,0,2,0,0,0
106,Kicklee,0,2,0,0,0,0
107,Tygnon,0,0,0,0,2,0
108,Excelangue,2,0,0,0,0,0
109,Smogo,0,0,1,0,0,0
110,Smogogo,0,0,2,0,0,0
111,Rhinocorne,0,0,1,0,0,0
112,Rhinoféros,0,2,0,0,0,0
113,Leveinard,2,0,0,0,0,0
114,Saquedeneu,0,0,1,0,0,0
115,Kangourex,2,0,0,0,0,0
116,Hypotrempe,0,0,0,1,0,0
117,Hypocéan,0,0,1,1,0,0
118,Poissirène,0,1,0,0,0,0
119,Poissoroy,0,2,0,0,0,0
120,Stari,0,0,0,0,0,1
121,Staross,0,0,0,0,0,2
122,M. Mime,0,0,0,0,2,0
123,Insécateur,0,1,0,0,0,0
124,Lippoutou,0,0,0,2,0,0
125,Élektek,0,0,0,0,0,2
126,Magmar,0,0,0,2,0,0
127,Scarabrute,0,2,0,0,0,0
128,Tauros,0,1,0,0,0,1
129,Magicarpe,0,0,0,0,0,1
130,Léviator,0,2,0,0,0,0
131,Lokhlass,2,0,0,0,0,0
132,Métamorph,1,0,0,0,0,0
133,Évoli,0,0,0,0,1,0
134,Aquali,2,0,0,0,0,0
135,Voltali,0,0,0,0,0,2
136,Pyroli,0,2,0,0,0,0
137,Porygon,0,0,0,1,0,0
138,Amonita,0,0,1,0,0,0
139,Amonistar,0,0,2,0,0,0
140,Kabuto,0,0,1,0,0,0
141,Kabutops,0,2,0,0,0,0
142,Ptéra,0,0,0,0,0,2
143,Ronflex,2,0,0,0,0,0
144,Artikodin,0,0,0,0,3,0
145,Électhor,0,0,0,3,0,0
146,Sulfura,0,0,0,3,0,0
147,Minidraco,0,1,0,0,0,0
148,Draco,0,2,0,0,0,0
149,Dracolosse,0,3,0,0,0,0
150,Mewtwo,0,0,0,3,0,0
151,Mew,3,0,0,0,0,0
152,Germignon,0,0,0,0,1,0
153,Macronium,0,0,1,0,1,0
154,Méganium,0,0,1,0,2,0
155,Héricendre,0,0,0,0,0,1
156,Feurisson,0,0,0,1,0,1
157,Typhlosion,0,0,0,3,0,0
158,Kaiminus,0,1,0,0,0,0
159,Crocrodil,0,1,1,0,0,0
160,Aligatueur,0,2,1,0,0,0
161,Fouinette,0,1,0,0,0,0
162,Fouinar,0,0,0,0,0,2
163,Hoothoot,1,0,0,0,0,0
164,Noarfang,2,0,0,0,0,0
165,Coxy,0,0,0,0,1,0
166,Coxyclaque,0,0,0,0,2,0
167,Mimigal,0,1,0,0,0,0
168,Migalos,0,2,0,0,0,0
169,Nostenfer,0,0,0,0,0,3
170,Loupio,1,0,0,0,0,0
171,Lanturn,2,0,0,0,0,0
172,Pichu,0,0,0,0,0,1
173,Mélo,0,0,0,0,1,0
174,Toudoudou,1,0,0,0,0,0
175,Togepi,0,0,0,0,1,0
176,Togetic,0,0,0,0,2,0
177,Natu,0,0,0,1,0,0
178,Xatu,0,0,0,1,0,1
179,Wattouat,0,0,0,1,0,0
180,Lainergie,0,0,0,2,0,0
181,Pharamp,0,0,0,3,0,0
182,Joliflor,0,0,0,0,3,0
183,Marill,2,0,0,0,0,0
184,Azumarill,3,0,0,0,0,0
185,Simularbre,0,0,2,0,0,0
186,Tarpaud,0,0,0,0,3,0
187,Granivol,0,0,0,0,1,0
188,Floravol,0,0,0,0,0,2
189,Cotovol,0,0,0,0,0,3
190,Capumain,0,0,0,0,0,1
191,Tournegrin,0,0,0,1,0,0
192,Héliatronc,0,0,0,2,0,0
193,Yanma,0,0,0,0,0,1
194,Axoloto,1,0,0,0,0,0
195,Maraiste,2,0,0,0,0,0
196,Mentali,0,0,0,2,0,0
197,Noctali,0,0,0,0,2,0
198,Cornèbre,0,0,0,0,0,1
199,Roigada,0,0,0,0,3,0
200,Feuforêve,0,0,0,0,1,0
201,Zarbi,0,1,0,1,0,0
202,Qulbutoké,2,0,0,0,0,0
203,Girafarig,0,0,0,2,0,0
204,Pomdepik,0,0,1,0,0,0
205,Foretress,0,0,2,0,0,0
206,Insolourdo,1,0,0,0,0,0
207,Scorplane,0,0,1,0,0,0
208,Steelix,0,0,2,0,0,0
209,Snubbull,0,1,0,0,0,0
210,Granbull,0,2,0,0,0,0
211,Qwilfish,0,1,0,0,0,0
212,Cizayox,0,2,0,0,0,0
213,Caratroc,0,0,1,0,1,0
214,Scarhino,0,2,0,0,0,0
215,Farfuret,0,0,0,0,0,1
216,Teddiursa,0,1,0,0,0,0
217,Ursaring,0,2,0,0,0,0
218,Limagma,0,0,0,1,0,0
219,Volcaropod,0,0,2,0,0,0
220,Marcacrin,0,1,0,0,0,0
221,Cochignon,1,1,0,0,0,0
222,Corayon,0,0,1,0,1,0
223,Rémoraid,0,0,0,1,0,0
224,Octillery,0,1,0,1,0,0
225,Cadoizo,0,0,0,0,0,1
226,Démanta,0,0,0,0,2,0
227,Airmure,0,0,2,0,0,0
228,Malosse,0,0,0,1,0,0
229,Démolosse,0,0,0,2,0,0
230,Hyporoi,0,1,0,1,1,0
231,Phanpy,1,0,0,0,0,0
232,Donphan,0,1,1,0,0,0
233,Porygon2,0,0,0,2,0,0
234,Cerfrousse,0,1,0,0,0,0
235,Queulorior,0,0,0,0,0,1
236,Debugant,0,1,0,0,0,0
237,Kapoera,0,0,0,0,2,0
238,Lippouti,0,0,0,1,0,0
239,Élekid,0,0,0,0,0,1
240,Magby,0,0,0,0,0,1
241,Écrémeuh,0,0,2,0,0,0
242,Leuphorie,3,0,0,0,0,0
243,Raikou,0,0,0,1,0,2
244,Entei,1,2,0,0,0,0
245,Suicune,0,0,1,0,2,0
246,Embrylex,0,1,0,0,0,0
247,Ymphect,0,2,0,0,0,0
248,Tyranocif,0,3,0,0,0,0
249,Lugia,0,0,0,0,3,0
250,Ho-Oh,0,0,0,0,3,0
251,Celebi,3,0,0,0,0,0
252,Arcko,0,0,0,0,0,1
253,Massko,0,0,0,0,0,2
254,Jungko,0,0,0,0,0,3
255,Poussifeu,0,0,0,1,0,0
256,Galifeu,0,1,0,1,0,0
257,Braségali,0,3,0,0,0,0
258,Gobou,0,1,0,0,0,0
259,Flobio,0,2,0,0,0,0
260,Laggron,0,3,0,0,0,0
261,Medhyèna,0,1,0,0,0,0
262,Grahyèna,0,2,0,0,0,0
263,Zigzaton,0,0,0,0,0,1
264,Linéon,0,0,0,0,0,2
265,Chenipotte,1,0,0,0,0,0
266,Armulys,0,0,2,0,0,0
267,Charmillon,0,0,0,3,0,0
268,Blindalys,0,0,2,0,0,0
269,Papinox,0,0,0,0,3,0
270,Nénupiot,0,0,0,0,1,0
271,Lombre,0,0,0,0,2,0
272,Ludicolo,0,0,0,0,3,0
273,Grainipiot,0,0,1,0,0,0
274,Pifeuil,0,2,0,0,0,0
275,Tengalice,0,3,0,0,0,0
276,Nirondelle,0,0,0,0,0,1
277,Hélédelle,0,0,0,0,0,2
278,Goélise,0,0,0,0,0,1
279,Bekipan,0,0,2,0,0,0
280,Tarsal,0,0,0,1,0,0
281,Kirlia,0,0,0,2,0,0
282,Gardevoir,0,0,0,3,0,0
283,Arakdo,0,0,0,0,0,1
284,Maskadra,0,0,0,1,1,0
285,Balignon,1,0,0,0,0,0
286,Chapignon,0,2,0,0,0,0
287,Parecool,1,0,0,0,0,0
288,Vigoroth,0,0,0,0,0,2
289,Monaflèmit,3,0,0,0,0,0
290,Ningale,0,0,1,0,0,0
291,Ninjask,0,0,0,0,0,2
292,Munja,2,0,0,0,0,0
293,Chuchmur,1,0,0,0,0,0
294,Ramboum,2,0,0,0,0,0
295,Brouhabam,3,0,0,0,0,0
296,Makuhita,1,0,0,0,0,0
297,Hariyama,2,0,0,0,0,0
298,Azurill,1,0,0,0,0,0
299,Tarinor,0,0,1,0,0,0
300,Skitty,0,0,0,0,0,1
301,Delcatty,1,0,0,0,0,1
302,Ténéfix,0,1,1,0,0,0
303,Mysdibule,0,1,1,0,0,0
304,Galekid,0,0,1,0,0,0
305,Galegon,0,0,2,0,0,0
306,Galeking,0,0,3,0,0,0
307,Méditikka,0,0,0,0,0,1
308,Charmina,0,0,0,0,0,2
309,Dynavolt,0,0,0,0,0,1
310,Élecsprint,0,0,0,0,0,2
311,Posipi,0,0,0,0,0,1
312,Négapi,0,0,0,0,0,1
313,Muciole,0,0,0,0,0,1
314,Lumivole,0,0,0,0,0,1
315,Rosélia,0,0,0,2,0,0
316,Gloupti,1,0,0,0,0,0
317,Avaltout,2,0,0,0,0,0
318,Carvanha,0,1,0,0,0,0
319,Sharpedo,0,2,0,0,0,0
320,Wailmer,1,0,0,0,0,0
321,Wailord,2,0,0,0,0,0
322,Chamallot,0,0,0,1,0,0
323,Camérupt,0,1,0,1,0,0
324,Chartor,0,0,2,0,0,0
325,Spoink,0,0,0,0,1,0
326,Groret,0,0,0,0,2,0
327,Spinda,0,0,0,1,0,0
328,Kraknoix,0,1,0,0,0,0
329,Vibraninf,0,1,0,0,0,1
330,Libégon,0,1,0,0,0,2
331,Cacnea,0,0,0,1,0,0
332,Cacturne,0,1,0,1,0,0
333,Tylton,0,0,0,0,1,0
334,Altaria,0,0,0,0,2,0
335,Mangriff,0,2,0,0,0,0
336,Séviper,0,1,0,1,0,0
337,Séléroc,0,0,0,2,0,0
338,Solaroc,0,2,0,0,0,0
339,Barloche,1,0,0,0,0,0
340,Barbicha,2,0,0,0,0,0
341,Écrapince,0,1,0,0,0,0
342,Colhomard,0,2,0,0,0,0
343,Balbuto,0,0,0,0,1,0
344,Kaorine,0,0,0,0,2,0
345,Lilia,0,0,0,0,1,0
346,Vacilys,0,0,0,0,2,0
347,Anorith,0,1,0,0,0,0
348,Armaldo,0,2,0,0,0,0
349,Barpau,0,0,0,0,0,1
350,Milobellus,0,0,0,0,2,0
351,Morphéo,1,0,0,0,0,0
352,Kecleon,0,0,0,0,1,0
353,Polichombr,0,1,0,0,0,0
354,Branette,0,2,0,0,0,0
355,Skelénox,0,0,0,0,1,0
356,Téraclope,0,0,1,0,1,0
357,Tropius,2,0,0,0,0,0
358,Éoko,0,0,0,1,1,0
359,Absol,0,2,0,0,0,0
360,Okéoké,1,0,0,0,0,0
361,Stalgamin,1,0,0,0,0,0
362,Oniglali,2,0,0,0,0,0
363,Obalie,1,0,0,0,0,0
364,Phogleur,2,0,0,0,0,0
365,Kaimorse,3,0,0,0,0,0
366,Coquiperl,0,0,1,0,0,0
367,Serpang,0,1,1,0,0,0
368,Rosabyss,0,0,0,2,0,0
369,Relicanth,1,0,1,0,0,0
370,Lovdisc,0,0,0,0,0,1
371,Draby,0,1,0,0,0,0
372,Drackhaus,0,0,2,0,0,0
373,Drattak,0,3,0,0,0,0
374,Terhal,0,0,1,0,0,0
375,Métang,0,0,2,0,0,0
376,Métalosse,0,0,3,0,0,0
377,Regirock,0,0,3,0,0,0
378,Regice,0,0,0,0,3,0
379,Registeel,0,0,2,0,1,0
380,Latias,0,0,0,0,3,0
381,Latios,0,0,0,3,0,0
382,Kyogre,0,0,0,3,0,0
383,Groudon,0,3,0,0,0,0
384,Rayquaza,0,2,0,1,0,0
385,Jirachi,3,0,0,0,0,0
386,Deoxys (Forme Normale),0,1,0,0,1,1
386,Deoxys (Forme Attaque),0,2,0,1,0,0
386,Deoxys (Forme Défense),0,0,2,0,1,0
386,Deoxys (Forme Vitesse),0,0,0,0,0,3
387,Tortipouss,0,1,0,0,0,0
388,Boskara,0,1,1,0,0,0
389,Torterra,0,2,1,0,0,0
390,Ouisticram,0,0,0,0,0,1
391,Chimpenfeu,0,0,0,1,0,1
392,Simiabraz,0,1,0,1,0,1
393,Tiplouf,0,0,0,1,0,0
394,Prinplouf,0,0,0,2,0,0
395,Pingoléon,0,0,0,3,0,0
396,Étourmi,0,0,0,0,0,1
397,Étourvol,0,0,0,0,0,2
398,Étouraptor,0,3,0,0,0,0
399,Keunotor,1,0,0,0,0,0
400,Castorno,0,2,0,0,0,0
401,Crikzik,0,0,1,0,0,0
402,Mélokrik,0,2,0,0,0,0
403,Lixy,0,1,0,0,0,0
404,Luxio,0,2,0,0,0,0
405,Luxray,0,3,0,0,0,0
406,Rozbouton,0,0,0,1,0,0
407,Roserade,0,0,0,3,0,0
408,Kranidos,0,1,0,0,0,0
409,Charkos,0,2,0,0,0,0
410,Dinoclier,0,0,1,0,0,0
411,Bastiodon,0,0,2,0,0,0
412,Cheniti,0,0,0,0,1,0
413,Cheniselle,0,0,0,0,2,0
413,Cheniselle (Cape Sable),0,0,2,0,0,0
413,Cheniselle (Cape Déchet),0,0,1,0,1,0
414,Papilord,0,1,0,1,0,0
415,Apitrini,0,0,0,0,0,1
416,Apireine,0,0,1,0,1,0
417,Pachirisu,0,0,0,0,0,1
418,Mustébouée,0,0,0,0,0,1
419,Mustéflott,0,0,0,0,0,2
420,Ceribou,0,0,0,1,0,0
421,Ceriflor,0,0,0,2,0,0
422,Sancoki,1,0,0,0,0,0
423,Tritosor,2,0,0,0,0,0
424,Capidextre,0,0,0,0,0,2
425,Baudrive,1,0,0,0,0,0
426,Grodrive,2,0,0,0,0,0
427,Laporeille,0,0,0,0,0,1
428,Lockpin,0,0,0,0,0,2
429,Magirêve,0,0,0,1,1,0
430,Corboss,0,2,0,0,0,0
431,Chaglam,0,0,0,0,0,1
432,Chaffreux,0,0,0,0,0,2
433,Korillon,0,0,0,1,0,0
434,Moufouette,0,0,0,0,0,1
435,Moufflair,2,0,0,0,0,0
436,Archéomire,0,0,1,0,0,0
437,Archéodong,0,0,1,0,1,0
438,Manzaï,0,0,1,0,0,0
439,Mime Jr.,0,0,0,0,1,0
440,Ptiravi,1,0,0,0,0,0
441,Pijako,0,1,0,0,0,0
442,Spiritomb,0,0,1,0,1,0
443,Griknot,0,1,0,0,0,0
444,Carmache,0,2,0,0,0,0
445,Carchacrok,0,3,0,0,0,0
446,Goinfrex,1,0,0,0,0,0
447,Riolu,0,1,0,0,0,0
448,Lucario,0,1,0,1,0,0
449,Hippopotas,0,0,1,0,0,0
450,Hippodocus,0,0,2,0,0,0
451,Rapion,0,0,1,0,0,0
452,Drascore,0,0,2,0,0,0
453,Cradopaud,0,1,0,0,0,0
454,Coatox,0,2,0,0,0,0
455,Vortente,0,2,0,0,0,0
456,Écayon,0,0,0,0,0,1
457,Luminéon,0,0,0,0,0,2
458,Babimanta,0,0,0,0,1,0
459,Blizzi,0,1,0,0,0,0
460,Blizzaroi,0,1,0,1,0,0
461,Dimoret,0,1,0,0,0,1
462,Magnézone,0,0,0,3,0,0
463,Coudlangue,3,0,0,0,0,0
464,Rhinastoc,0,3,0,0,0,0
465,Bouldeneu,0,0,2,0,0,0
466,Élekable,0,3,0,0,0,0
467,Maganon,0,0,0,3,0,0
468,Togekiss,0,0,0,2,1,0
469,Yanmega,0,2,0,0,0,0
470,Phyllali,0,0,2,0,0,0
471,Givrali,0,0,0,2,0,0
472,Scorvol,0,0,2,0,0,0
473,Mammochon,0,3,0,0,0,0
474,Porygon-Z,0,0,0,3,0,0
475,Gallame,0,3,0,0,0,0
476,Tarinorme,0,0,1,0,2,0
477,Noctunoir,0,0,1,0,2,0
478,Momartik,0,0,0,0,0,2
479,Motisma,0,0,0,1,0,1
480,Créhelf,0,0,2,0,1,0
481,Créfollet,0,1,0,1,1,0
482,Créfadet,0,2,0,1,0,0
483,Dialga,0,0,0,3,0,0
484,Palkia,0,0,0,3,0,0
485,Heatran,0,0,0,3,0,0
486,Regigigas,0,3,0,0,0,0
487,Giratina,3,0,0,0,0,0
488,Cresselia,0,0,0,0,3,0
489,Phione,1,0,0,0,0,0
490,Manaphy,3,0,0,0,0,0
491,Darkrai,0,0,0,2,0,1
492,Shaymin (Forme Terrestre),3,0,0,0,0,0
492,Shaymin (Forme Céleste),0,0,0,0,0,3
493,Arceus,3,0,0,0,0,0
494,Victini,3,0,0,0,0,0
495,Vipélierre,0,0,0,0,0,1
496,Lianaja,0,0,0,0,0,2
497,Majaspic,0,0,0,0,0,3
498,Gruikui,1,0,0,0,0,0
499,Grotichon,0,2,0,0,0,0
500,Roitiflam,0,3,0,0,0,0
501,Moustillon,0,0,0,1,0,0
502,Mateloutre,0,0,0,2,0,0
503,Clamiral,0,0,0,3,0,0
504,Ratentif,0,1,0,0,0,0
505,Miradar,0,1,0,0,0,0
506,Ponchiot,0,1,0,0,0,0
507,Ponchien,0,2,0,0,0,0
508,Mastouffe,0,3,0,0,0,0
509,Chacripan,0,0,0,0,0,1
510,Léopardus,0,0,0,0,0,2
511,Feuillajou,0,0,0,0,0,1
512,Feuiloutan,0,0,0,0,0,2
513,Flamajou,0,0,0,0,0,1
514,Flamoutan,0,0,0,0,0,2
515,Flotajou,0,0,0,0,0,1
516,Flotoutan,0,0,0,0,0,2
517,Munna,1,0,0,0,0,0
518,Mushana,2,0,0,0,0,0
519,Poichigeon,0,1,0,0,0,0
520,Colombeau,0,2,0,0,0,0
521,Déflaisan,0,3,0,0,0,0
522,Zébibron,0,0,0,0,0,1
523,Zéblitz,0,0,0,0,0,2
524,Nodulithe,0,0,1,0,0,0
525,Géolithe,0,1,1,0,0,0
526,Gigalithe,0,3,0,0,0,0
527,Chovsourir,0,0,0,0,0,1
528,Rhinolove,0,0,0,0,0,2
529,Rototaupe,0,1,0,0,0,0
530,Minotaupe,0,2,0,0,0,0
531,Nanméouïe,2,0,0,0,0,0
532,Charpenti,0,1,0,0,0,0
533,Ouvrifier,0,2,0,0,0,0
534,Bétochef,0,3,0,0,0,0
535,Tritonde,0,0,0,0,0,1
536,Batracné,2,0,0,0,0,0
537,Crapustule,3,0,0,0,0,0
538,Judokrak,2,0,0,0,0,0
539,Karaclée,0,2,0,0,0,0
540,Larveyette,0,0,1,0,0,0
541,Couverdure,0,0,2,0,0,0
542,Manternel,0,3,0,0,0,0
543,Venipatte,0,0,1,0,0,0
544,Scobolide,0,0,2,0,0,0
545,Brutapode,0,0,0,0,0,3
546,Doudouvet,0,0,0,0,0,1
547,Farfaduvet,0,0,0,0,0,2
548,Chlorobule,0,0,0,1,0,0
549,Fragilady,0,0,0,2,0,0
550,Bargantua,0,0,0,0,0,2
551,Mascaïman,0,1,0,0,0,0
552,Escroco,0,2,0,0,0,0
553,Crocorible,0,3,0,0,0,0
554,Darumarond,0,1,0,0,0,0
555,Darumacho (Forme Normale),0,2,0,0,0,0
555,Darumacho (Mode Transe),0,0,0,2,0,0
556,Maracachi,0,0,0,2,0,0
557,Crabicoque,0,0,1,0,0,0
558,Crabaraque,0,0,2,0,0,0
559,Baggiguane,0,1,0,0,0,0
560,Baggaïd,0,0,1,0,1,0
561,Cryptéro,0,0,0,2,0,0
562,Tutafeh,0,0,1,0,0,0
563,Tutankafer,0,0,2,0,0,0
564,Carapagos,0,0,1,0,0,0
565,Mégapagos,0,0,2,0,0,0
566,Arkéapti,0,1,0,0,0,0
567,Aéroptéryx,0,2,0,0,0,0
568,Miamiasme,0,0,0,0,0,1
569,Miasmax,0,2,0,0,0,0
570,Zorua,0,0,0,1,0,0
571,Zoroark,0,0,0,2,0,0
572,Chinchidou,0,0,0,0,0,1
573,Pashmilla,0,0,0,0,0,2
574,Scrutella,0,0,0,0,1,0
575,Mesmérella,0,0,0,0,2,0
576,Sidérella,0,0,0,0,3,0
577,Nucléos,0,0,0,1,0,0
578,Méios,0,0,0,2,0,0
579,Symbios,0,0,0,3,0,0
580,Couaneton,1,0,0,0,0,0
581,Lakmécygne,0,0,0,0,0,2
582,Sorbébé,0,0,0,1,0,0
583,Sorboul,0,0,0,2,0,0
584,Sorbouboul,0,0,0,3,0,0
585,Vivaldaim,0,0,0,0,0,1
586,Haydaim,0,2,0,0,0,0
587,Emolga,0,0,0,0,0,2
588,Carabing,0,1,0,0,0,0
589,Lançargot,0,2,0,0,0,0
590,Trompignon,1,0,0,0,0,0
591,Gaulet,2,0,0,0,0,0
592,Viskuse,0,0,0,0,1,0
593,Moyade,0,0,0,0,2,0
594,Mamanbo,2,0,0,0,0,0
595,Statitik,0,0,0,0,0,1
596,Mygavolt,0,0,0,0,0,2
597,Grindur,0,0,1,0,0,0
598,Noacier,0,0,2,0,0,0
599,Tic,0,0,1,0,0,0
600,Clic,0,0,2,0,0,0
601,Cliticlic,0,0,3,0,0,0
602,Anchwatt,0,0,0,0,0,1
603,Lampéroie,0,2,0,0,0,0
604,Ohmassacre,0,3,0,0,0,0
605,Lewsor,0,0,0,1,0,0
606,Neitram,0,0,0,2,0,0
607,Funécire,0,0,0,1,0,0
608,Mélancolux,0,0,0,2,0,0
609,Lugulabre,0,0,0,3,0,0
610,Coupenotte,0,1,0,0,0,0
611,Incisache,0,2,0,0,0,0
612,Tranchodon,0,3,0,0,0,0
613,Polarhume,0,1,0,0,0,0
614,Polagriffe,0,2,0,0,0,0
615,Hexagel,0,0,0,0,2,0
616,Escargaume,0,0,1,0,0,0
617,Limaspeed,0,0,0,0,0,2
618,Limonde,2,0,0,0,0,0
619,Kungfouine,0,1,0,0,0,0
620,Shaofouine,0,2,0,0,0,0
621,Drakkarmin,0,2,0,0,0,0
622,Gringolem,0,1,0,0,0,0
623,Golemastoc,0,2,0,0,0,0
624,Scalpion,0,1,0,0,0,0
625,Scalproie,0,2,0,0,0,0
626,Frison,0,2,0,0,0,0
627,Furaiglon,0,1,0,0,0,0
628,Gueriaigle,0,2,0,0,0,0
629,Vostourno,0,0,1,0,0,0
630,Vaututrice,0,0,0,2,0,0
631,Aflamanoir,0,0,0,2,0,0
632,Fermite,0,0,2,0,0,0
633,Solochi,0,1,0,0,0,0
634,Diamat,0,2,0,0,0,0
635,Trioxhydre,0,0,0,3,0,0
636,Pyronille,0,1,0,0,0,0
637,Pyrax,0,0,0,3,0,0
638,Cobaltium,0,0,3,0,0,0
639,Terrakium,0,3,0,0,0,0
640,Viridium,0,0,0,0,3,0
641,Boréas (Forme Avatar),0,3,0,0,0,0
641,Boréas (Forme Totémique),0,0,0,0,0,3
642,Fulguris (Forme Avatar),0,3,0,0,0,0
642,Fulguris (Forme Totémique),0,0,0,3,0,0
643,Reshiram,0,0,0,3,0,0
644,Zekrom,0,3,0,0,0,0
645,Démétéros (Forme Avatar),0,0,0,3,0,0
645,Démétéros (Forme Totémique),0,3,0,0,0,0
646,Kyurem,1,1,0,1,0,0
646,Kyurem (Kyurem Noir),0,3,0,0,0,0
646,Kyurem (Kyurem Blanc),0,0,0,3,0,0
647,Keldeo,0,0,0,3,0,0
648,Meloetta (Forme Chant),0,0,0,1,1,1
648,Meloetta (Forme Danse),0,1,1,0,0,1
649,Genesect,0,1,0,1,0,1
650,Marisson,0,0,1,0,0,0
651,Boguérisse,0,0,2,0,0,0
652,Blindépique,0,0,3,0,0,0
653,Feunnec,0,0,0,1,0,0
654,Roussil,0,0,0,2,0,0
655,Goupelin,0,0,0,3,0,0
656,Grenousse,0,0,0,0,0,1
657,Croâporal,0,0,0,0,0,2
658,Amphinobi,0,0,0,0,0,3
659,Sapereau,0,0,0,0,0,1
660,Excavarenne,2,0,0,0,0,0
661,Passerouge,0,0,0,0,0,1
662,Braisillon,0,0,0,0,0,2
663,Flambusard,0,0,0,0,0,3
664,Lépidonille,0,0,1,0,0,0
665,Pérégrain,0,0,2,0,0,0
666,Prismillon,1,0,0,1,0,1
667,Hélionceau,0,0,0,1,0,0
668,Némélios,0,0,0,2,0,0
669,Flabébé,0,0,0,0,1,0
670,Floette,0,0,0,0,2,0
671,Florges,0,0,0,0,3,0
672,Cabriolaine,1,0,0,0,0,0
673,Chevroum,2,0,0,0,0,0
674,Pandespiègle,0,1,0,0,0,0
675,Pandarbare,0,2,0,0,0,0
676,Couafarel,0,0,0,0,0,1
677,Psystigri,0,0,0,0,0,1
678,Mistigrix,0,0,0,0,0,2
679,Monorpale,0,0,1,0,0,0
680,Dimoclès,0,0,2,0,0,0
681,Exagide (Forme Assaut),0,2,0,1,0,0
681,Exagide (Forme Parade),0,0,2,0,1,0
682,Fluvetin,1,0,0,0,0,0
683,Cocotine,2,0,0,0,0,0
684,Sucroquin,0,0,1,0,0,0
685,Cupcanaille,0,0,2,0,0,0
686,Sepiatop,0,1,0,0,0,0
687,Sepiatroce,0,2,0,0,0,0
688,Opermine,0,1,0,0,0,0
689,Golgopathe,0,2,0,0,0,0
690,Venalgue,0,0,0,0,1,0
691,Kravarech,0,0,0,0,2,0
692,Flingouste,0,0,0,1,0,0
693,Gamblast,0,0,0,2,0,0
694,Galvaran,0,0,0,0,0,1
695,Iguolta,0,0,0,0,0,2
696,Ptyranidur,0,1,0,0,0,0
697,Rexillius,0,2,0,0,0,0
698,Amagara,1,0,0,0,0,0
699,Dragmara,2,0,0,0,0,0
700,Nymphali,0,0,0,0,2,0
701,Brutalibré,0,2,0,0,0,0
702,Dedenne,0,0,0,0,0,2
703,Strassie,0,0,1,0,1,0
704,Mucuscule,0,0,0,0,1,0
705,Colimucus,0,0,0,0,2,0
706,Muplodocus,0,0,0,0,3,0
707,Trousselin,0,0,1,0,0,0
708,Brocélôme,0,1,0,0,0,0
709,Desséliande,0,2,0,0,0,0
710,Pitrouille,0,0,1,0,0,0
711,Banshitrouye,0,0,2,0,0,0
712,Grelaçon,0,0,1,0,0,0
713,Séracrawl,0,0,2,0,0,0
714,Sonistrelle,0,0,0,0,0,1
715,Bruyverne,0,0,0,0,0,2
716,Xerneas,3,0,0,0,0,0
717,Yveltal,3,0,0,0,0,0
718,Zygarde,3,0,0,0,0,0
719,Diancie,3,0,0,0,0,0
720,Hoopa,3,0,0,0,0,0
721,Volcanion,0,0,0,3,0,0
722,Brindibou,1,0,0,0,0,0
723,Efflèche,2,0,0,0,0,0
724,Archéduc,3,0,0,0,0,0
725,Flamiaou,0,0,0,0,0,1
726,Matoufeu,0,0,0,0,0,2
727,Félinferno,0,3,0,0,0,0
728,Otaquin,0,0,0,1,0,0
729,Otarlette,0,0,0,2,0,0
730,Oratoria,0,0,0,3,0,0
731,Picassaut,0,1,0,0,0,0
732,Piclairon,0,2,0,0,0,0
733,Bazoucan,0,3,0,0,0,0
734,Manglouton,0,1,0,0,0,0
735,Argouste,0,2,0,0,0,0
736,Larvibule,0,1,0,0,0,0
737,Chrysapile,0,0,2,0,0,0
738,Lucanon,0,0,0,3,0,0
739,Crabagarre,0,1,0,0,0,0
740,Crabominable,0,2,0,0,0,0
741,Plumeline,0,0,0,2,0,0
742,Bombydou,0,0,0,0,0,1
743,Rubombelle,0,0,0,0,0,2
744,Rocabot,0,1,0,0,0,0
745,Lougaroc,0,2,0,0,0,0
746,Froussardine,1,0,0,0,0,0
747,Vorastérie,0,0,1,0,0,0
748,Prédastérie,0,0,2,0,0,0
749,Tiboudet,0,1,0,0,0,0
750,Bourrinos,0,2,0,0,0,0
751,Araqua,0,0,0,0,1,0
752,Tarenbulle,0,0,0,0,2,0
753,Mimantis,0,1,0,0,0,0
754,Floramantis,0,2,0,0,0,0
755,Spododo,0,0,0,0,1,0
756,Lampignon,0,0,0,0,2,0
757,Tritox,0,0,0,0,0,1
758,Malamandre,0,0,0,0,0,2
759,Nounourson,0,1,0,0,0,0
760,Chelours,0,2,0,0,0,0
761,Croquine,1,0,0,0,0,0
762,Candine,0,0,0,0,0,2
763,Sucreine,0,3,0,0,0,0
764,Guérilande,0,0,0,0,2,0
765,Gouroutan,0,0,0,0,2,0
766,Quartermac,0,2,0,0,0,0
767,Sovkipou,0,0,0,0,0,1
768,Sarmuraï,0,0,2,0,0,0
769,Bacabouh,0,0,1,0,0,0
770,Trépassable,0,0,2,0,0,0
771,Concombaffe,0,0,0,0,2,0
772,Type:0,2,0,0,0,0,0
773,Silvallié,3,0,0,0,0,0
774,Météno Forme Météore,0,0,1,0,1,0
774,Météno Noyau Violet,0,1,0,1,0,0
775,Dodoala,0,2,0,0,0,0
776,Boumata,0,0,2,0,0,0
777,Togedemaru,0,2,0,0,0,0
778,Mimiqui,0,0,0,0,2,0
779,Denticrisse,0,2,0,0,0,0
780,Draïeul,0,0,0,2,0,0
781,Sinistrail,0,2,0,0,0,0
782,Bébécaille,0,0,1,0,0,0
783,Écaïd,0,0,2,0,0,0
784,Ékaïser,0,0,3,0,0,0
785,Tokorico,0,0,0,0,0,3
786,Tokopiyon,0,0,0,3,0,0
787,Tokotoro,0,3,0,0,0,0
788,Tokopisco,0,0,0,0,3,0
789,Cosmog,1,0,0,0,0,0
790,Cosmovum,0,0,1,0,1,0
791,Solgaleo,0,3,0,0,0,0
792,Lunala,0,0,0,3,0,0
793,Zéroïd,0,0,0,0,3,0
794,Mouscoto,0,1,2,0,0,0
795,Cancrelove,0,0,0,0,0,3
796,Câblifère,0,0,0,3,0,0
797,Bamboiselle,0,1,1,1,0,0
798,Katagami,0,3,0,0,0,0
799,Engloutyran,3,0,0,0,0,0
800,Necrozma,0,1,0,2,0,0
801,Magearna,0,0,0,3,0,0
802,Marshadow,0,2,0,0,0,1
803,Vémini,0,0,0,0,1,0
804,Mandrillon,0,0,3,0,0,0
805,Ama-Ama,0,0,3,0,0,0
806,Pierroteknik,0,0,0,3,0,0
807,Zeraora,0,0,0,0,0,3
808,Meltan,0,1,0,0,0,0
809,Melmetal,0,3,0,0,0,0
